王牌战士,动作枪战,http://app.mi.com/details?id=com.tencent.af
王者荣耀,网游RPG,http://app.mi.com/details?id=com.tencent.tmgp.sgame
和平精英,动作枪战,http://app.mi.com/details?id=com.tencent.tmgp.pubgmhd
迷你世界,休闲创意,http://app.mi.com/details?id=com.minitech.miniworld.TMobile.mi
狂野飙车9：竞速传奇,赛车体育,http://app.mi.com/details?id=com.aligames.kuang.kybc.mi
我的世界-村庄保卫战,休闲创意,http://app.mi.com/details?id=com.netease.mc.mi
穿越火线-枪战王者,动作枪战,http://app.mi.com/details?id=com.tencent.tmgp.cf
猫和老鼠,网游RPG,http://app.mi.com/details?id=com.netease.tom.mi
QQ飞车手游,赛车体育,http://app.mi.com/details?id=com.tencent.tmgp.speedmobile
闪耀暖暖,网游RPG,http://app.mi.com/details?id=com.papegames.nn4.mi
QQ炫舞,休闲创意,http://app.mi.com/details?id=com.tencent.tmgp.qqx5
汤姆猫跑酷,跑酷闯关,http://app.mi.com/details?id=com.outfit7.talkingtomgoldrun.mi
贪吃蛇大作战&reg;,休闲创意,http://app.mi.com/details?id=com.wepie.snake.new.mi
欢快斗地主,棋牌桌游,http://app.mi.com/details?id=com.mailin.hkddz.mi
球球大作战,休闲创意,http://app.mi.com/details?id=com.ztgame.bob
第五人格,网游RPG,http://app.mi.com/details?id=com.netease.dwrg.mi
开心消消乐-太空计划,休闲创意,http://app.mi.com/details?id=com.happyelements.AndroidAnimal
五子棋,棋牌桌游,http://app.mi.com/details?id=com.wedobest.fivechess.mi
滚动的天空,跑酷闯关,http://app.mi.com/details?id=com.turbochilli.rollingsky_cn.mi
激斗火柴人,休闲创意,http://app.mi.com/details?id=com.example.gcloudu3ddemo.mi
我的汤姆猫2,休闲创意,http://app.mi.com/details?id=com.outfit7.mytalkingtom2.mi
元气骑士,动作枪战,http://app.mi.com/details?id=com.knight.union.mi
神庙逃亡2,跑酷闯关,http://app.mi.com/details?id=com.imangi.templerun2
斗罗大陆-送武魂,网游RPG,http://app.mi.com/details?id=com.m37.dldl.mi
躲猫猫(中文版),动作枪战,http://app.mi.com/details?id=com.hgames.propvshunter.gtx
脑点子,休闲创意,http://app.mi.com/details?id=jp.co.translimit.braindots.mt
逃跑吧！少年-新角色登场,休闲创意,http://app.mi.com/details?id=com.bairimeng.dmmdzz.mi
地铁跑酷,跑酷闯关,http://app.mi.com/details?id=com.kiloo.subwaysurf
钢琴块2,休闲创意,http://app.mi.com/details?id=com.cmplay.tiles2_cn.mi
躲猫猫大战,休闲创意,http://app.mi.com/details?id=com.sandboxol.indiegame.hideandseek.mt
奇妙运动日,学习教育,http://app.mi.com/details?id=com.sinyee.babybus.sport
小伴龙拼音,学习教育,http://app.mi.com/details?id=com.youban.xblpy
混沌大学,学习教育,http://app.mi.com/details?id=com.hundun.yanxishe
粉笔,学习教育,http://app.mi.com/details?id=com.fenbi.android.servant
考拉阅读,学习教育,http://app.mi.com/details?id=com.koalareading.koalareading
画啦啦VIP课堂,学习教育,http://app.mi.com/details?id=com.i61.draw.live
RoboMaster,学习教育,http://app.mi.com/details?id=com.dji.robomaster
多多糖果屋,学习教育,http://app.mi.com/details?id=com.duoduo.games.candyroom
海外名校课堂,学习教育,http://app.mi.com/details?id=com.sunlands.mba.intl
多多美食街,学习教育,http://app.mi.com/details?id=com.duoduo.games.ddfood
多多海洋动物,学习教育,http://app.mi.com/details?id=com.duoduo.games.seaanimalnew
直播云,学习教育,http://app.mi.com/details?id=com.weclassroom.fcclassroomapp
日语训练营,学习教育,http://app.mi.com/details?id=com.pep.riyuxunlianying
壡町,学习教育,http://app.mi.com/details?id=cn.smartebooks.SmartEBook
小小英语高频词,学习教育,http://app.mi.com/details?id=com.littlenglish.lp3ex
VV网校教师端,学习教育,http://app.mi.com/details?id=net.vvwx.teacher
驾考宝典,学习教育,http://app.mi.com/details?id=com.handsgo.jiakao.android
宝宝学做牙医,学习教育,http://app.mi.com/details?id=com.fohgames.babydentist
abc360英语,学习教育,http://app.mi.com/details?id=com.abc360.student
享听课,学习教育,http://app.mi.com/details?id=com.xtingke.xtk
蔚来一起学,学习教育,http://app.mi.com/details?id=com.ztstech.android.vgbox
人教小学数学四上,学习教育,http://app.mi.com/details?id=com.nwoolf.xy.p541
易考言,学习教育,http://app.mi.com/details?id=com.easymaster.ayikaoyan
畅达小秘书,学习教育,http://app.mi.com/details?id=com.zlkj.jkjlb
一路学,学习教育,http://app.mi.com/details?id=com.example.administrator.yiluxue
圣智云课堂,学习教育,http://app.mi.com/details?id=holywisdom.holywisdom
北大博雅讲坛,学习教育,http://app.mi.com/details?id=com.scholar.education
极客数学帮,学习教育,http://app.mi.com/details?id=com.jiuaoedu.sxbapp
二级计算机题库,学习教育,http://app.mi.com/details?id=com.kwmapp.secondoffice
猿题库,学习教育,http://app.mi.com/details?id=com.fenbi.android.gaozhong
船货之家,实用工具,http://app.mi.com/details?id=com.app.chuanhuo
国象联盟,实用工具,http://app.mi.com/details?id=com.zebra.ichess
来电秀秀,实用工具,http://app.mi.com/details?id=com.laidian.xiu
小日常,实用工具,http://app.mi.com/details?id=com.android.yzd.habit
卓师兄,实用工具,http://app.mi.com/details?id=com.auntec.zhuoshixiong
WiFi万能钥匙,实用工具,http://app.mi.com/details?id=com.snda.wifilocating
乘车码,实用工具,http://app.mi.com/details?id=com.tencent.fit.ccm
极光动态IP,实用工具,http://app.mi.com/details?id=com.zhima.aurora
猎豹浏览器,实用工具,http://app.mi.com/details?id=com.ijinshan.browser_fast
猫猫赚,实用工具,http://app.mi.com/details?id=com.ninton.adbu.lazycat
茄子换机,实用工具,http://app.mi.com/details?id=com.lenovo.anyshare.cloneit
中泰管家,实用工具,http://app.mi.com/details?id=com.ztwy.employee.client
清理大师,实用工具,http://app.mi.com/details?id=com.shyz.toutiao
移动管家,实用工具,http://app.mi.com/details?id=com.nxyd.resource
闪创教育,实用工具,http://app.mi.com/details?id=com.shanchuangjiaoyu.app
朗读女配音,实用工具,http://app.mi.com/details?id=com.my.ldnpy
定位测试,实用工具,http://app.mi.com/details?id=com.android.gpstest
阅慧人社,实用工具,http://app.mi.com/details?id=com.john.cloudreader
极递云课,实用工具,http://app.mi.com/details?id=com.gtyc.GTclass
京东慧采,实用工具,http://app.mi.com/details?id=com.jd.cdyjy.vsp
来回科技,实用工具,http://app.mi.com/details?id=com.laihuikeji.laihui
Niagara Launcher,实用工具,http://app.mi.com/details?id=bitpit.launcher
nubia商城,实用工具,http://app.mi.com/details?id=cn.nubia.nubiashop
美食汇,实用工具,http://app.mi.com/details?id=com.movmall.catespace
手机空调遥控器,实用工具,http://app.mi.com/details?id=com.vawern.revme.inacar
模拟钢琴,实用工具,http://app.mi.com/details?id=com.example.xuhongxiang.andriodpiano
服务监督,实用工具,http://app.mi.com/details?id=com.hbzl.satisfaction
音乐标签,实用工具,http://app.mi.com/details?id=com.xjcheng.musictageditor
H Band,实用工具,http://app.mi.com/details?id=com.veepoo.hband
嗨!Android,实用工具,http://app.mi.com/details?id=com.example.flutter_app
Biu魔音,影音视听,http://app.mi.com/details?id=com.magical.music
好兔视频,影音视听,http://app.mi.com/details?id=tv.yilan.howto.app
看点视频,影音视听,http://app.mi.com/details?id=com.tencent.rijvideo
比比心,影音视听,http://app.mi.com/details?id=live.bbx.app
唱鸭,影音视听,http://app.mi.com/details?id=com.rockets.chang
羚萌直播,影音视听,http://app.mi.com/details?id=com.julun.lingmeng
HOYO,影音视听,http://app.mi.com/details?id=com.haoyuehuyu.hoyo
阅赚赚,影音视听,http://app.mi.com/details?id=com.zx.mj.yzz
乐播播,影音视听,http://app.mi.com/details?id=com.gzbn.live
虎牙助手,影音视听,http://app.mi.com/details?id=com.duowan.live
欢秀直播,影音视听,http://app.mi.com/details?id=com.yeshen.live
歌者盟学唱歌,影音视听,http://app.mi.com/details?id=com.gtan.church
斗鱼直播,影音视听,http://app.mi.com/details?id=air.tv.douyu.android
兔几直播,影音视听,http://app.mi.com/details?id=com.tuji.live.tv
湖南IPTV,影音视听,http://app.mi.com/details?id=com.ct.itv
来疯直播,影音视听,http://app.mi.com/details?id=com.youku.crazytogether
逛逛,影音视听,http://app.mi.com/details?id=com.paopao.guangg
翻茄音乐,影音视听,http://app.mi.com/details?id=cn.kuwo.cover
乐娱秀场,影音视听,http://app.mi.com/details?id=com.boring.live
抱抱,影音视听,http://app.mi.com/details?id=cn.myhug.baobao
艾米直播,影音视听,http://app.mi.com/details?id=com.mobimtech.natives.ivp
唱吧 - K歌社交平台,影音视听,http://app.mi.com/details?id=com.changba
录屏录音快剪辑,影音视听,http://app.mi.com/details?id=com.qtec.capturerecorder.receditor.screenrecorder
Boom音乐,影音视听,http://app.mi.com/details?id=cn.kuwo.boom
影视大全高清版,影音视听,http://app.mi.com/details?id=com.sesame.video
酷狗直播极速版,影音视听,http://app.mi.com/details?id=com.kugou.fanxing.lite
咪咕圈圈,影音视听,http://app.mi.com/details?id=com.hisunflytone.android
氧秀直播,影音视听,http://app.mi.com/details?id=com.syoogame.yangba
放克,影音视听,http://app.mi.com/details?id=com.xiaoguaishou.app
艾颂音乐,影音视听,http://app.mi.com/details?id=com.aisong.cx.child
易施易工,效率办公,http://app.mi.com/details?id=com.shangchuang.yishigong
快启CRM,效率办公,http://app.mi.com/details?id=com.loyo.oa.v2
小小办公,效率办公,http://app.mi.com/details?id=com.newlixon.nlxoa
Power BI,效率办公,http://app.mi.com/details?id=com.microsoft.powerbim
智店通,效率办公,http://app.mi.com/details?id=cn.api.gjhealth.cstore
天眼查企业查询,效率办公,http://app.mi.com/details?id=com.tianyancha.skyeye
TeamKit,效率办公,http://app.mi.com/details?id=com.bitkinetic.teamkit
Perfect Viewer,效率办公,http://app.mi.com/details?id=com.rookiestudio.perfectviewer
生意助理,效率办公,http://app.mi.com/details?id=com.ccb.cerp
事事明,效率办公,http://app.mi.com/details?id=com.eblog
车赢宝,效率办公,http://app.mi.com/details?id=com.kqqcgroup.kqservicecar
康桥爱车会,效率办公,http://app.mi.com/details?id=com.kqqcgroup.kqclientcar
二维火收银,效率办公,http://app.mi.com/details?id=com.zmsoft.ccd
云掌柜,效率办公,http://app.mi.com/details?id=com.inn
健康路径老师端,效率办公,http://app.mi.com/details?id=com.hinetclouds.jkljteacher
商户二手物品登记,效率办公,http://app.mi.com/details?id=cn.htwl.merchant
12366纳税服务,效率办公,http://app.mi.com/details?id=com.zrar.nsfw12366
好生意商户版,效率办公,http://app.mi.com/details?id=com.yeahka.goodbusiness
Co-op,效率办公,http://app.mi.com/details?id=com.coop.android
乐商圈,效率办公,http://app.mi.com/details?id=com.yeahka.happybusiness
新浪邮箱,效率办公,http://app.mi.com/details?id=com.sina.mail.free
明源云助手,效率办公,http://app.mi.com/details?id=com.mysoft.weizhushou
简赢,效率办公,http://app.mi.com/details?id=com.jianyingkeji
安吉助手,效率办公,http://app.mi.com/details?id=com.anji.plus.crm
招商管理云,效率办公,http://app.mi.com/details?id=com.tanikawa.pwms
工时记录,效率办公,http://app.mi.com/details?id=io.dcloud.H5D4EC138
未来方周企业版,效率办公,http://app.mi.com/details?id=com.sxwl.futurearkstaff
烽火调查-企业查询,效率办公,http://app.mi.com/details?id=com.feifan.beacontower
法旨,效率办公,http://app.mi.com/details?id=com.x1437630390.yiq
众聚店助,效率办公,http://app.mi.com/details?id=com.lt.zjdz
爱淄博,聊天社交,http://app.mi.com/details?id=com.izibo.forum
Spot,聊天社交,http://app.mi.com/details?id=com.getremark.spot
恋爱记,聊天社交,http://app.mi.com/details?id=com.lianaibiji.dev
耳觅-接唱社区,聊天社交,http://app.mi.com/details?id=cn.myhug.tiaoyin
MOMO陌陌,聊天社交,http://app.mi.com/details?id=com.immomo.momo
狐友,聊天社交,http://app.mi.com/details?id=com.sohu.sohuhy
微光,聊天社交,http://app.mi.com/details?id=com.qingqi.dianbo
58信鸽,聊天社交,http://app.mi.com/details?id=com.shorigo.pigeon_flying
知了IM,聊天社交,http://app.mi.com/details?id=com.zhiliaoim
十点聊天,聊天社交,http://app.mi.com/details?id=com.bingo.yeliao
麦豆microdots,聊天社交,http://app.mi.com/details?id=wb.qc.com.wheatbeanandroid
匹诺曹手机录音机,聊天社交,http://app.mi.com/details?id=com.cungu.callrecorder.ui
MUA语音,聊天社交,http://app.mi.com/details?id=com.deepsea.mua
志愿滨海,聊天社交,http://app.mi.com/details?id=com.bbdtek.volunteerservice
同城找对象,聊天社交,http://app.mi.com/details?id=com.jiangaihunlian.zhaoduixiang
文蜜,聊天社交,http://app.mi.com/details?id=com.aiyatech.yoyo
麦约同城交友聊天,聊天社交,http://app.mi.com/details?id=com.xys.maiyue
自在社区,聊天社交,http://app.mi.com/details?id=com.rfchina.app.supercommunity
微鲤,聊天社交,http://app.mi.com/details?id=cn.weli.story
拇信,聊天社交,http://app.mi.com/details?id=com.immuxin.muxin
YY手游语音,聊天社交,http://app.mi.com/details?id=com.duowan.gamevoice
微撩,聊天社交,http://app.mi.com/details?id=com.liangsai.vchat
六点喇叭,聊天社交,http://app.mi.com/details?id=com.znhd.sixdspeaker
亲友圈,聊天社交,http://app.mi.com/details?id=com.dashux.clubclient
交友吧-聊天漂流瓶,聊天社交,http://app.mi.com/details?id=com.cdjy.jyba
帮企BangQiChat,聊天社交,http://app.mi.com/details?id=ask.bangqi.com
HD199,聊天社交,http://app.mi.com/details?id=com.hefoni.yy
咔萌-新漂流瓶聊天,聊天社交,http://app.mi.com/details?id=com.changqi.yeka_app_2c
JusTalk Kids,聊天社交,http://app.mi.com/details?id=com.justalk.kids.android
犀金,聊天社交,http://app.mi.com/details?id=com.xiyi.rhinobillion
团友商城,时尚购物,http://app.mi.com/details?id=com.tuanyou.app
好省吖,时尚购物,http://app.mi.com/details?id=com.xg.jx9k9
太阳买车,时尚购物,http://app.mi.com/details?id=com.chisalsoft.suncar
花生部落,时尚购物,http://app.mi.com/details?id=io.dcloud.H59BB7739
iBuyBuy,时尚购物,http://app.mi.com/details?id=com.aqhg.daigou
小兔买菜,时尚购物,http://app.mi.com/details?id=com.cxt.bunnymaicai
小米省钱购,时尚购物,http://app.mi.com/details?id=com.xiaomi.o2o
省公子,时尚购物,http://app.mi.com/details?id=com.tbk.dachui
嘎嘎靓,时尚购物,http://app.mi.com/details?id=com.icebartech.gagaliang_new
响铺,时尚购物,http://app.mi.com/details?id=com.xunyouyp.shop
纯乾,时尚购物,http://app.mi.com/details?id=com.ircloud.ydh.agents.ydh02551228
优返猫,时尚购物,http://app.mi.com/details?id=com.youfanmiao.app
星星淘,时尚购物,http://app.mi.com/details?id=com.tiki1.tiki1
淘安网,时尚购物,http://app.mi.com/details?id=io.dcloud.H5712504A
券后买,时尚购物,http://app.mi.com/details?id=com.quanhoumai
豌豆公主,时尚购物,http://app.mi.com/details?id=com.wonderfull.mobileshop
蜜购,时尚购物,http://app.mi.com/details?id=com.wld.migo
保利票务,时尚购物,http://app.mi.com/details?id=com.poly.mobile
绿叶商城,时尚购物,http://app.mi.com/details?id=com.greenLeaf.shop
惠淘客,时尚购物,http://app.mi.com/details?id=com.ntsshop.huitaoke
捎袋手,时尚购物,http://app.mi.com/details?id=com.jlt.mob.au.store
不倒翁联盟,时尚购物,http://app.mi.com/details?id=com.bdwlm.aaw
满集网,时尚购物,http://app.mi.com/details?id=com.huiman.manji
觅上,时尚购物,http://app.mi.com/details?id=com.mishang.model.mishang
辅建科技,时尚购物,http://app.mi.com/details?id=com.ircloud.ydh.agents.ydh01320361
惠农网,时尚购物,http://app.mi.com/details?id=com.cctir.huinongbao
汉薇优选商家,时尚购物,http://app.mi.com/details?id=com.handsom.eemerchant
健德购购,时尚购物,http://app.mi.com/details?id=com.android.healthapp
中酒网,时尚购物,http://app.mi.com/details?id=com.zhongjiu.app
国际妈咪海淘母婴,时尚购物,http://app.mi.com/details?id=com.guojimami.app
波洞,图书阅读,http://app.mi.com/details?id=com.tencent.nijigen
点阅小说,图书阅读,http://app.mi.com/details?id=com.dotreader.dnovel
热门小说大全,图书阅读,http://app.mi.com/details?id=com.scly.rmxsdq
逐浪小说,图书阅读,http://app.mi.com/details?id=com.zhulang.reader
笔趣阁免费小说吧,图书阅读,http://app.mi.com/details?id=com.rrjg.bqgnovels
崇文文学,图书阅读,http://app.mi.com/details?id=com.hwly.cwgpro
TXT免费小说书城,图书阅读,http://app.mi.com/details?id=com.superlove.txtfree
小独,图书阅读,http://app.mi.com/details?id=com.c2vl.peace
连尚免费读书,图书阅读,http://app.mi.com/details?id=com.wifi.reader.free
连尚读书,图书阅读,http://app.mi.com/details?id=com.wifi.reader
QQ阅读,图书阅读,http://app.mi.com/details?id=com.qq.reader
沃阅读,图书阅读,http://app.mi.com/details?id=com.unicom.zworeader.ui
熊猫看书,图书阅读,http://app.mi.com/details?id=com.nd.android.pandareader
追书神器免费版,图书阅读,http://app.mi.com/details?id=com.ushaqi.zhuishushenqi.adfree
酷阅小说,图书阅读,http://app.mi.com/details?id=com.tengya.xiaoshuo
恋恋花名册,图书阅读,http://app.mi.com/details?id=com.comics.pickmylove
枕阅小说,图书阅读,http://app.mi.com/details?id=com.yr.qmzs
17K小说,图书阅读,http://app.mi.com/details?id=com.chineseall.reader
创别书城,图书阅读,http://app.mi.com/details?id=com.hw.cbread
微信读书,图书阅读,http://app.mi.com/details?id=com.tencent.weread
快看漫画,图书阅读,http://app.mi.com/details?id=com.kuaikan.comic
笔趣阁免费小说城,图书阅读,http://app.mi.com/details?id=com.xlkj.bqgmfxsc
笔趣阁阅书城,图书阅读,http://app.mi.com/details?id=com.zhrj.bqgysc
城客,图书阅读,http://app.mi.com/details?id=com.pluscity
笔趣阁全本小说,图书阅读,http://app.mi.com/details?id=com.pxws.bqgqbxs
爱看书,图书阅读,http://app.mi.com/details?id=com.mfyueduqi.book
新周刊-杂志阅读,图书阅读,http://app.mi.com/details?id=com.newsweekly.livepi
红袖读书,图书阅读,http://app.mi.com/details?id=com.hongxiu.app
秒读免费小说,图书阅读,http://app.mi.com/details?id=com.huancheng.qszreader
犀牛小说,图书阅读,http://app.mi.com/details?id=com.xioashuo.quan
住这儿,居家生活,http://app.mi.com/details?id=com.vanke.activity
创业开店宝,居家生活,http://app.mi.com/details?id=cn.com.jmwjiaoyu.m
多尼斯,居家生活,http://app.mi.com/details?id=com.dogness.platform
爱抢购,居家生活,http://app.mi.com/details?id=com.iqianggou.android
Roborock,居家生活,http://app.mi.com/details?id=com.roborock.smart
安心宠,居家生活,http://app.mi.com/details?id=com.b512316343.fao
全国违章查询,居家生活,http://app.mi.com/details?id=cn.mucang.xiaomi.android.wz
淘富顺,居家生活,http://app.mi.com/details?id=com.taofushun.users
扳手网批,居家生活,http://app.mi.com/details?id=com.wxh.wangping
惠玩,居家生活,http://app.mi.com/details?id=com.nyso.sdplay
行知学堂,居家生活,http://app.mi.com/details?id=com.cgbapp
i-lamp,居家生活,http://app.mi.com/details?id=com.chipsguide.app.colorbluetoothlamp.v3.changda
零夜房商户端,居家生活,http://app.mi.com/details?id=com.shanchuang.zeronightshop
雇呗-阿姨端,居家生活,http://app.mi.com/details?id=com.gubei51.worker
Moonlight,居家生活,http://app.mi.com/details?id=com.limelight
597企业版,居家生活,http://app.mi.com/details?id=com.rcw597.app
幸福凯里,居家生活,http://app.mi.com/details?id=com.kaili.users
气象后勤,居家生活,http://app.mi.com/details?id=com.bitech.bjcmapark
平安社区,居家生活,http://app.mi.com/details?id=com.us150804.youlife
既康,居家生活,http://app.mi.com/details?id=com.ztyijia.shop_online
点我开化,居家生活,http://app.mi.com/details?id=com.xunjoy.lewaimai.user.consumer.dianwokaihua
在长垣,居家生活,http://app.mi.com/details?id=net.duohuo.magapp.zcy
印象管家,居家生活,http://app.mi.com/details?id=com.linkstar.app.yxgjuser
印象管家商家端,居家生活,http://app.mi.com/details?id=com.linkstar.app.yxgjshop
未来方周,居家生活,http://app.mi.com/details?id=com.sxwl.futurearkpersonal
多多咨询,居家生活,http://app.mi.com/details?id=com.cainiu.consultonline
慧济生活,居家生活,http://app.mi.com/details?id=com.JiningBank.SmartLife
易好房经纪,居家生活,http://app.mi.com/details?id=cn.xtco.yihaofang
满客宝智慧食堂,居家生活,http://app.mi.com/details?id=com.mankebao.reserve
小嘀管家,居家生活,http://app.mi.com/details?id=com.dsm.secondlock
指尖绘图,摄影摄像,http://app.mi.com/details?id=com.mosc.apalon.mandala.coloring
快手,摄影摄像,http://app.mi.com/details?id=com.smile.gifmaker
爱剪辑,摄影摄像,http://app.mi.com/details?id=com.shineyie.aijianji
隐私加密相册,摄影摄像,http://app.mi.com/details?id=me.lovewith.album
美易修图P图编辑,摄影摄像,http://app.mi.com/details?id=com.qew.photo.pro
巨量创意,摄影摄像,http://app.mi.com/details?id=com.bytedance.ad.videotool
嗨来电秀,摄影摄像,http://app.mi.com/details?id=color.phone.led.flash.call.screen
最美证件照制作,摄影摄像,http://app.mi.com/details?id=com.leqi.zuimeiphoto
萌面水印,摄影摄像,http://app.mi.com/details?id=com.nbt.mmsy
Canva,摄影摄像,http://app.mi.com/details?id=cn.canva.editor
DEPMEMO 深回忆,摄影摄像,http://app.mi.com/details?id=com.ymar.ym
柚次元,摄影摄像,http://app.mi.com/details?id=com.facetech.yourking
潮自拍,摄影摄像,http://app.mi.com/details?id=com.meitu.wheecam
至美证件照,摄影摄像,http://app.mi.com/details?id=com.gemaodian.idphoto
视频去水印大师,摄影摄像,http://app.mi.com/details?id=com.zckj.spqsy
小精灵美化,摄影摄像,http://app.mi.com/details?id=com.android.nineton.elfinapp
卡点视频编辑,摄影摄像,http://app.mi.com/details?id=com.easyfun.kadian
你我当年,摄影摄像,http://app.mi.com/details?id=com.bigwinepot.nwdn
颜聊,摄影摄像,http://app.mi.com/details?id=com.VideoCall.GuangShu
雅姿魔镜,摄影摄像,http://app.mi.com/details?id=com.perfectcorp.amb
趣制作-特效视频,摄影摄像,http://app.mi.com/details?id=com.zsyj.videomake
最美壁纸,摄影摄像,http://app.mi.com/details?id=com.lqh.beauty.wallpaper
慢拍相册,摄影摄像,http://app.mi.com/details?id=com.d1245975477.mwd
B612咔叽,摄影摄像,http://app.mi.com/details?id=com.campmobile.snowcamera
VN,摄影摄像,http://app.mi.com/details?id=com.frontrow.vlog
照片拼图,摄影摄像,http://app.mi.com/details?id=com.wfhappyi.pintu
发型屋,摄影摄像,http://app.mi.com/details?id=com.jm.fxw
印记工坊,摄影摄像,http://app.mi.com/details?id=air.ppmakeapp
动漫壁纸,摄影摄像,http://app.mi.com/details?id=com.example.administrator.picturesearch
快手极速版,摄影摄像,http://app.mi.com/details?id=com.kuaishou.nebula
稀饭旅行,旅行交通,http://app.mi.com/details?id=com.zmcs.tourscool
维也纳酒店,旅行交通,http://app.mi.com/details?id=com.wyn88.android.view
车来出行,旅行交通,http://app.mi.com/details?id=com.chelai.travel
快狗打车车主,旅行交通,http://app.mi.com/details?id=com.cxyw.suyun.ui
马踏飞燕,旅行交通,http://app.mi.com/details?id=com.upintech.silknets
乡聚派,旅行交通,http://app.mi.com/details?id=com.hnyx.xjpai
襄阳停车,旅行交通,http://app.mi.com/details?id=com.ecaray.epark.xiangyang
车米会,旅行交通,http://app.mi.com/details?id=com.chemihui.gochemi
火星路线-户外助手,旅行交通,http://app.mi.com/details?id=cn.mucang.android.voyager
7MA出行,旅行交通,http://app.mi.com/details?id=cn.qimate.bike
肆乘肆,旅行交通,http://app.mi.com/details?id=scs.com.crosscountry
十方旅居,旅行交通,http://app.mi.com/details?id=com.seefun.app
合肥通,旅行交通,http://app.mi.com/details?id=cn.com.whty.hfcard
日租房客栈-民宿,旅行交通,http://app.mi.com/details?id=com.iue.fk054
全国违章查询助手,旅行交通,http://app.mi.com/details?id=kaiqi.wzcxzs
云南高速通,旅行交通,http://app.mi.com/details?id=com.uroad.yunnangst
小熊油耗,旅行交通,http://app.mi.com/details?id=com.firebear.androil
赞途,旅行交通,http://app.mi.com/details?id=co.ryit
户外汇,旅行交通,http://app.mi.com/details?id=io.dcloud.h599e4456app
铁友火车票12306抢票,旅行交通,http://app.mi.com/details?id=com.tieyou.train.ark
飓风出行,旅行交通,http://app.mi.com/details?id=com.jufcx.hurricane
彩虹巴士司机端,旅行交通,http://app.mi.com/details?id=com.rainbowbus.driver
手机号定位追踪,旅行交通,http://app.mi.com/details?id=com.zhoul.dingwei
桔子短租住宿-民宿,旅行交通,http://app.mi.com/details?id=com.iue.fk052
两步路户外助手,旅行交通,http://app.mi.com/details?id=com.lolaage.tbulu.tools
自由司机,旅行交通,http://app.mi.com/details?id=com.ziyouche.driver
小白出行,旅行交通,http://app.mi.com/details?id=xiaobai.com.customer
艺龙旅行-机票酒店,旅行交通,http://app.mi.com/details?id=com.dp.android.elong
奉化文旅云,旅行交通,http://app.mi.com/details?id=com.fenghuayun.mm
趣里程,旅行交通,http://app.mi.com/details?id=com.shener.qulicheng
绿茵岁月,体育运动,http://app.mi.com/details?id=com.wmj.myfootball
趣练舞,体育运动,http://app.mi.com/details?id=com.fundance.student
NOERDEN,体育运动,http://app.mi.com/details?id=cn.noerdenfit.life
乐刻运动,体育运动,http://app.mi.com/details?id=com.leoao.fitness
型动汇,体育运动,http://app.mi.com/details?id=com.sportstar.xingdong
步步挣,体育运动,http://app.mi.com/details?id=com.ww.bubuzheng
一起吗,体育运动,http://app.mi.com/details?id=com.kaisa.yql
乐轻,体育运动,http://app.mi.com/details?id=com.vtrump.qingqing
EufyLife,体育运动,http://app.mi.com/details?id=com.oceanwing.smarthome
如初康复,体育运动,http://app.mi.com/details?id=com.jkpg.ruchu
RunStep,体育运动,http://app.mi.com/details?id=com.odun.odunRunning
动宝足球,体育运动,http://app.mi.com/details?id=com.oeadd.dongbaofb
RaceFitPro,体育运动,http://app.mi.com/details?id=com.example.bozhilun.android
减约,体育运动,http://app.mi.com/details?id=com.health.fatfighter
健康辽宁,体育运动,http://app.mi.com/details?id=com.lncdc.jkln
1Coach智能教练,体育运动,http://app.mi.com/details?id=com.sensfusion.mcmarathon
XGB羽毛球,体育运动,http://app.mi.com/details?id=com.xgbsports.badminton
纯氧健身,体育运动,http://app.mi.com/details?id=com.wenqi.gym
DuoWear,体育运动,http://app.mi.com/details?id=com.mindorks.framework.mvp.gongban
宥马运动,体育运动,http://app.mi.com/details?id=android.youma.com
Keep,体育运动,http://app.mi.com/details?id=com.gotokeep.keep
懂徒帝,体育运动,http://app.mi.com/details?id=com.guishang.dongtudi
网球班,体育运动,http://app.mi.com/details?id=com.daikting.tennis
雷速体育,体育运动,http://app.mi.com/details?id=com.leisu.sports
松行,体育运动,http://app.mi.com/details?id=com.qihang.sports
启动,体育运动,http://app.mi.com/details?id=com.rsseasy.app.stadiumslease
微钓,体育运动,http://app.mi.com/details?id=com.waydiao.yuxun
JOY篮球,体育运动,http://app.mi.com/details?id=com.gengee.JoyBasketball
智享瘦,体育运动,http://app.mi.com/details?id=lab.wesmartclothing.wefit.flyso
湃动PISPORTS,体育运动,http://app.mi.com/details?id=com.pisports.freepi
医和你约名医,医疗健康,http://app.mi.com/details?id=com.yiheni.msop.general
医和你医小助,医疗健康,http://app.mi.com/details?id=com.yiheni.msop.assistant
医和你医生版,医疗健康,http://app.mi.com/details?id=com.yiheni.msop.medic
更美,医疗健康,http://app.mi.com/details?id=com.wanmeizhensuo.zhensuo
神奇脑波,医疗健康,http://app.mi.com/details?id=imoblife.brainwavestus
肝胆相照专家版,医疗健康,http://app.mi.com/details?id=cn.shangyu.gdxzExpert
考拉医美,医疗健康,http://app.mi.com/details?id=com.t610941067.rkw
好轻,医疗健康,http://app.mi.com/details?id=com.yunmai.scale
小怪兽,医疗健康,http://app.mi.com/details?id=com.sistalk.misio
春雨诊所,医疗健康,http://app.mi.com/details?id=me.chunyu.ChunyuDoctorClient
医德帮,医疗健康,http://app.mi.com/details?id=com.mingyzh.yyf
中医在线,医疗健康,http://app.mi.com/details?id=com.tcmopen.tcmmooc
喝水提醒,医疗健康,http://app.mi.com/details?id=com.slfteam.qwater
小豆苗,医疗健康,http://app.mi.com/details?id=com.threegene.yeemiao
护眼宝,医疗健康,http://app.mi.com/details?id=protect.eye
7动-产后瑜伽运动,医疗健康,http://app.mi.com/details?id=com.yscoco.floormuscles
优健康,医疗健康,http://app.mi.com/details?id=com.ihaozhuo.youjiankang
肝胆相照,医疗健康,http://app.mi.com/details?id=cn.shangyu.gdxzPatient
北京军海癫痫病医院,医疗健康,http://app.mi.com/details?id=com.hxyt.bjjhdxbyy
药房网商城医药店,医疗健康,http://app.mi.com/details?id=com.yaofangwang.mall
新特药,医疗健康,http://app.mi.com/details?id=com.sunking.medical
邻客医生,医疗健康,http://app.mi.com/details?id=com.linkdoc
在乎健康专业端,医疗健康,http://app.mi.com/details?id=com.remind.zaihupro
熊猫儿科医疗,医疗健康,http://app.mi.com/details?id=com.pandadoctor.pedidoc
养生宝,医疗健康,http://app.mi.com/details?id=cn.banshenggua.ysb
健康甘肃,医疗健康,http://app.mi.com/details?id=com.gsww.gsrhc.jkgs
妙手医生版,医疗健康,http://app.mi.com/details?id=com.yuanxin.perfectdoctor
健康160,医疗健康,http://app.mi.com/details?id=cn.kidyn.qdmedical160
E-RUNNING,医疗健康,http://app.mi.com/details?id=com.zhongyang.ttpaobu
眉山医药,医疗健康,http://app.mi.com/details?id=mssyy.com
一点关注,新闻资讯,http://app.mi.com/details?id=cn.clzg.ikm.activity
青鸟快讯,新闻资讯,http://app.mi.com/details?id=com.humming.app
掘金宝,新闻资讯,http://app.mi.com/details?id=com.juejinchain.android
花生快讯,新闻资讯,http://app.mi.com/details?id=com.shiqu.huasheng
中国新闻网,新闻资讯,http://app.mi.com/details?id=com.cns.mc.activity
紫牛新闻,新闻资讯,http://app.mi.com/details?id=com.toutiao.yangtse
懂帝币,新闻资讯,http://app.mi.com/details?id=com.dongbienmpris.cn
比特币搬砖指南,新闻资讯,http://app.mi.com/details?id=com.qukuailianzhinan.banzhuan
法制头条,新闻资讯,http://app.mi.com/details?id=com.lanwa.changan
看厦门,新闻资讯,http://app.mi.com/details?id=com.taihai.app2
大众冰雪,新闻资讯,http://app.mi.com/details?id=com.isize.ice
亿粮王,新闻资讯,http://app.mi.com/details?id=com.yiliangwang.jiangyue
中国青年报,新闻资讯,http://app.mi.com/details?id=com.hzpd.zqzx
百工驿,新闻资讯,http://app.mi.com/details?id=com.tztech.peer
橘子淘金,新闻资讯,http://app.mi.com/details?id=com.angjing.weipan
晨资讯,新闻资讯,http://app.mi.com/details?id=com.huancheng.news
芒果淘金,新闻资讯,http://app.mi.com/details?id=com.paizhong.manggo
敦化视界,新闻资讯,http://app.mi.com/details?id=com.hoge.android.app.dunhua
诗画开阳,新闻资讯,http://app.mi.com/details?id=net.xinhuamm.d3033
派币糖果,新闻资讯,http://app.mi.com/details?id=com.paibitangguo.sweet
宝星环球,新闻资讯,http://app.mi.com/details?id=com.bxhq.btc
智堡,新闻资讯,http://app.mi.com/details?id=com.wisburg.finance.app
格隆汇,新闻资讯,http://app.mi.com/details?id=com.gelonghui.glhapp
废钢网,新闻资讯,http://app.mi.com/details?id=com.feigang.feigangwang
趣闻看看,新闻资讯,http://app.mi.com/details?id=com.ironman.zzxw
小葱,新闻资讯,http://app.mi.com/details?id=com.xiaocongapp.chain
上观新闻,新闻资讯,http://app.mi.com/details?id=com.shwatch.news
ZAKER新闻,新闻资讯,http://app.mi.com/details?id=com.myzaker.ZAKER_Phone
IDAX资讯,新闻资讯,http://app.mi.com/details?id=com.shyohan.idaxNews
定海山,新闻资讯,http://app.mi.com/details?id=com.zjonline.dinghai
猫语狗语翻译器,娱乐消遣,http://app.mi.com/details?id=com.minjiang.funpet
buglink,娱乐消遣,http://app.mi.com/details?id=com.youtocode.buglink
numsub,娱乐消遣,http://app.mi.com/details?id=com.youtocode.numsub
画吧,娱乐消遣,http://app.mi.com/details?id=com.haowan.huabar
全球联交易宝,娱乐消遣,http://app.mi.com/details?id=com.jetcloud.vr9wallet
皮逗视频,娱乐消遣,http://app.mi.com/details?id=com.god.pi
抖抖赢口红免费版,娱乐消遣,http://app.mi.com/details?id=com.suyuemobi.kouhong
银赚头条,娱乐消遣,http://app.mi.com/details?id=com.meibai.yinzuan
可爱抓娃娃,娱乐消遣,http://app.mi.com/details?id=com.willapps.zzwwj
灵机八字算命,娱乐消遣,http://app.mi.com/details?id=oms.mmc.fortunetelling
变声器免费版,娱乐消遣,http://app.mi.com/details?id=com.tian.voicechangerpro
知世,娱乐消遣,http://app.mi.com/details?id=com.juger.zs
生辰风水,娱乐消遣,http://app.mi.com/details?id=com.ysjg.sm.qf
迈康专家,娱乐消遣,http://app.mi.com/details?id=com.jd.maikangyishengapp
PicoPico,娱乐消遣,http://app.mi.com/details?id=com.xintiaotime.yoy
趣看闻,娱乐消遣,http://app.mi.com/details?id=com.qvkanwen.zgzx.zgqvkanwen
起名取名字大师,娱乐消遣,http://app.mi.com/details?id=com.appoa.qiming
伊伊同行,娱乐消遣,http://app.mi.com/details?id=com.tengtukeji.yiyi
富贵占卜,娱乐消遣,http://app.mi.com/details?id=com.zhanbu.fugui
逗看,娱乐消遣,http://app.mi.com/details?id=com.sycx.xtsj
成语接龙,娱乐消遣,http://app.mi.com/details?id=com.mali.chengyu.jielong
百思不得姐,娱乐消遣,http://app.mi.com/details?id=com.budejie.www
周公解梦,娱乐消遣,http://app.mi.com/details?id=com.xiaodao.jiemeng
宠都,娱乐消遣,http://app.mi.com/details?id=com.tazi.chongdu
balljump,娱乐消遣,http://app.mi.com/details?id=com.youtocode.balljump
addnumber,娱乐消遣,http://app.mi.com/details?id=com.youtocode.addnumber
blockmove,娱乐消遣,http://app.mi.com/details?id=com.youtocode.blockmove
内含段友,娱乐消遣,http://app.mi.com/details?id=com.caotu.duanzhi
虚贝租号,娱乐消遣,http://app.mi.com/details?id=com.xubei.shop
皮皮虾,娱乐消遣,http://app.mi.com/details?id=com.sup.android.superb
南京银行,金融理财,http://app.mi.com/details?id=cn.com.njcb.android.mobilebank
东方易赢,金融理财,http://app.mi.com/details?id=hk.com.dfzq.dfyy
向日葵保险,金融理财,http://app.mi.com/details?id=com.xiangrikui.sixapp
和讯学股堂,金融理财,http://app.mi.com/details?id=com.hexun.stockspread
华夏信财,金融理财,http://app.mi.com/details?id=com.hxxc.user.app
鑫e代,金融理财,http://app.mi.com/details?id=com.zztzt.huaxin
华彩人生,金融理财,http://app.mi.com/details?id=com.hcrs
即刻贷款-借条360,金融理财,http://app.mi.com/details?id=com.hz.jkdky
点融投资,金融理财,http://app.mi.com/details?id=dianrong.com
慧投资,金融理财,http://app.mi.com/details?id=com.rjhy.superstars
金荣中国-贵金属,金融理财,http://app.mi.com/details?id=com.jrjr.jrchina
合众钱包,金融理财,http://app.mi.com/details?id=com.yibao.mobilepay
今日智投,金融理财,http://app.mi.com/details?id=com.koudai.jinrizhitou
找我借,金融理财,http://app.mi.com/details?id=com.taiyan.daichao
小赢钱包,金融理财,http://app.mi.com/details?id=com.xiaoying.wallet
51信用卡管家,金融理财,http://app.mi.com/details?id=com.zhangdan.app
腾讯理财通,金融理财,http://app.mi.com/details?id=com.tencent.fortuneplat
Wind金融终端,金融理财,http://app.mi.com/details?id=windinfo.android
东华乐投,金融理财,http://app.mi.com/details?id=com.donghuaqihuo.mhdxh
红牛金股,金融理财,http://app.mi.com/details?id=com.hnjg
期货仿真,金融理财,http://app.mi.com/details?id=com.shengwanqihuofz.pbmobile
信用管家借钱,金融理财,http://app.mi.com/details?id=com.greate.myapplication
呱呱财经,金融理财,http://app.mi.com/details?id=com.guagua.finance
涨乐财富通,金融理财,http://app.mi.com/details?id=com.lphtsccft
招联金融,金融理财,http://app.mi.com/details?id=com.zl.fqbao
千周投资,金融理财,http://app.mi.com/details?id=com.qianzhouinvest.cn
万e贷,金融理财,http://app.mi.com/details?id=com.wdjr.loan.wdpheloan
新时代证券,金融理财,http://app.mi.com/details?id=com.hundsun.stockwinner.xsdzq1
分期借钱贷款,金融理财,http://app.mi.com/details?id=com.xncredit.fqd
熊猫有钱-有钱花,金融理财,http://app.mi.com/details?id=com.panda.stages
激战奇轮3烈焰冲击,格斗快打,http://app.mi.com/details?id=com.leyo.jzql2.mi
火柴人联盟2,格斗快打,http://app.mi.com/details?id=com.games.hc.acing.mi
铠甲勇士4之捕将,格斗快打,http://app.mi.com/details?id=com.sg.kjys4zbj.mi
奥特曼传奇英雄,网游RPG,http://app.mi.com/details?id=com.joym.legendhero.mi
多多拳击,动作枪战,http://app.mi.com/details?id=com.realbox.duoduo.kmm
英雄大作战之热血乱斗,格斗快打,http://app.mi.com/details?id=air.com.martialstudio.herofighterx1.gld
神兽金刚之北斗星王,格斗快打,http://app.mi.com/details?id=com.leyo.ssjg3.mi
九黎-单机RPG,格斗快打,http://app.mi.com/details?id=com.humblegames.fightingx.mi
角斗士竞技场,格斗快打,http://app.mi.com/details?id=com.jiaodoushi.ok
奥特曼正义降临,格斗快打,http://app.mi.com/details?id=com.huale.justicearrive.mi
铠甲勇士热血战神,格斗快打,http://app.mi.com/details?id=com.joym.armorbloodwar.mi
小米赛车,赛车体育,http://app.mi.com/details?id=com.puppetsgame.miracing.mi
QQ飞车手游,赛车体育,http://app.mi.com/details?id=com.tencent.tmgp.speedmobile
实况足球,赛车体育,http://app.mi.com/details?id=com.netease.pes.mi
街头篮球,赛车体育,http://app.mi.com/details?id=com.tencent.freestyle
NBA LIVE,赛车体育,http://app.mi.com/details?id=com.ea.android.chs.nbamobile.mi
街篮,赛车体育,http://app.mi.com/details?id=com.ztgame.jl.mi
一起来飞车,赛车体育,http://app.mi.com/details?id=com.wyd.hero.yqlfc.cb1.mi
FIFA足球世界,赛车体育,http://app.mi.com/details?id=com.tencent.fifamobile
豪门足球风云,赛车体育,http://app.mi.com/details?id=com.hoolai.hmzqfy.mi
实况中超,赛车体育,http://app.mi.com/details?id=com.crazysports.smarena.cs.mi
滑雪大冒险,跑酷闯关,http://app.mi.com/details?id=com.yodo1.SkiSafari.XIAOMI_01
斗龙战士3极速狂飙,赛车体育,http://app.mi.com/details?id=com.youmeng.jisukuangbiao.mi
碰碰车,赛车体育,http://app.mi.com/details?id=com.pengpengcar.uuzw
最强NBA,赛车体育,http://app.mi.com/details?id=com.tencent.tmgp.NBA
速度与冲刺-激情,赛车体育,http://app.mi.com/details?id=com.speed.pixe
卡车越野2,赛车体育,http://app.mi.com/details?id=com.kacheyueye2.vd
速度与激情8,赛车体育,http://app.mi.com/details?id=com.hzfb.racing8.mi
全民暴风摩托,赛车体育,http://app.mi.com/details?id=com.daqu.qmbfmt.mi
王牌战士,动作枪战,http://app.mi.com/details?id=com.tencent.af
和平精英,动作枪战,http://app.mi.com/details?id=com.tencent.tmgp.pubgmhd
穿越火线-枪战王者,动作枪战,http://app.mi.com/details?id=com.tencent.tmgp.cf
元气骑士,动作枪战,http://app.mi.com/details?id=com.knight.union.mi
躲猫猫(中文版),动作枪战,http://app.mi.com/details?id=com.hgames.propvshunter.gtx
王牌战争,动作枪战,http://app.mi.com/details?id=com.yingxiong.hero.mi
荒野行动,动作枪战,http://app.mi.com/details?id=com.netease.hyxd.mi
你好邻居,动作枪战,http://app.mi.com/details?id=com.tinybuildgames.helloneighbor.mt
生死狙击,动作枪战,http://app.mi.com/details?id=com.wooduan.ssjj.mi
火柴人绳索英雄,动作枪战,http://app.mi.com/details?id=com.mgc.stickman.rope.hero.xc
火柴人绳索英雄,动作枪战,http://app.mi.com/details?id=com.mgc.stickman.rope.hero.dbzq.m
火柴人绳索英雄2,动作枪战,http://app.mi.com/details?id=com.mgc.stickman.rope.hero.two.xc
方舟：生存进化 国际版,动作枪战,http://app.mi.com/details?id=com.studiowildcard.wardrumstudios.ark.ncr
人类一败涂地2019,动作枪战,http://app.mi.com/details?id=com.rn.humanity.mt
光荣使命：使命行动,动作枪战,http://app.mi.com/details?id=com.tencent.cldts
英雄枪战,动作枪战,http://app.mi.com/details?id=com.qzyx2.union.mi
崩坏3&mdash;天使重构,动作枪战,http://app.mi.com/details?id=com.miHoYo.bh3.mi
像素吃鸡,动作枪战,http://app.mi.com/details?id=com.azurgame.BattleGroundRoyale.xc
小米枪战-战地吃鸡手游,动作枪战,http://app.mi.com/details?id=com.ak.mi
奥特曼格斗进化0,动作枪战,http://app.mi.com/details?id=com.xcpsp.atmgdjh0.xc
堡垒前线：破坏与创造,动作枪战,http://app.mi.com/details?id=com.netease.blqx.mi
王牌大枪战,动作枪战,http://app.mi.com/details?id=com.xdzj.wpdqz.mi
绝地射击战场2019,动作枪战,http://app.mi.com/details?id=com.timuzgames.fpsbattle.bnn
火柴人对决,动作枪战,http://app.mi.com/details?id=com.Neurononfire.SupremeDuelist.mt
火线精英,动作枪战,http://app.mi.com/details?id=com.hxjy.union.mi
突击队行动：吃鸡,动作枪战,http://app.mi.com/details?id=com.critical.strike.shoot.fire.fssc.dbzq.m
枪神对决,动作枪战,http://app.mi.com/details?id=com.dodjoy.qhzs.mi
全民枪战2,动作枪战,http://app.mi.com/details?id=com.crisisfire.android.mi
火柴人越狱,动作枪战,http://app.mi.com/details?id=com.nbify.stickman.prison.counter.assault.mt
小米斗地主,棋牌桌游,http://app.mi.com/details?id=com.doudz.mi
欢乐版单机斗地主,棋牌桌游,http://app.mi.com/details?id=com.standddz.mi
欢乐斗地主-单机版,棋牌桌游,http://app.mi.com/details?id=com.standddz002.mi
单机斗地主,棋牌桌游,http://app.mi.com/details?id=com.standddz003.mi
斗地主,棋牌桌游,http://app.mi.com/details?id=com.standddz004.mi
新全民斗地主,棋牌桌游,http://app.mi.com/details?id=com.xm.cn.qmddz.mi
欢乐真人麻将,棋牌桌游,http://app.mi.com/details?id=com.mengmi.majiang.mi
饭局狼人,棋牌桌游,http://app.mi.com/details?id=com.mewe.wolf
麻将来了,棋牌桌游,http://app.mi.com/details?id=com.tencent.tmgp.ttmj
西米实况麻将,棋牌桌游,http://app.mi.com/details?id=com.ximi.mj.mi
单机麻将大全,棋牌桌游,http://app.mi.com/details?id=com.mahjong.nb
军旗天下,棋牌桌游,http://app.mi.com/details?id=com.chinessjunqi.nb
西米斗地主,棋牌桌游,http://app.mi.com/details?id=com.xm.ddz.xiaomi.mi
三国杀,棋牌桌游,http://app.mi.com/details?id=com.bf.sgs.hdexp.mi
围棋,棋牌桌游,http://app.mi.com/details?id=onyuan.weiqi2.mi
多乐保皇,棋牌桌游,http://app.mi.com/details?id=com.k7k7.BaoHuang.mi
欢快斗地主,棋牌桌游,http://app.mi.com/details?id=com.mailin.hkddz.mi
五子棋,棋牌桌游,http://app.mi.com/details?id=com.wedobest.fivechess.mi
天天斗地主（真人版）,棋牌桌游,http://app.mi.com/details?id=com.zengame.ttddzrb.p365you
红警OL,战争策略,http://app.mi.com/details?id=com.tencent.tmgp.hjol
率土之滨,战争策略,http://app.mi.com/details?id=com.netease.stzb.mi
乱世王者,战争策略,http://app.mi.com/details?id=com.tencent.tmgp.wec
COK列王的纷争,战争策略,http://app.mi.com/details?id=com.hcg.cok.mi
三国志2017,战争策略,http://app.mi.com/details?id=com.game.sgz.mi
三十六计,战争策略,http://app.mi.com/details?id=com.youzu.g36.mi
银河战舰,战争策略,http://app.mi.com/details?id=com.jedigames.p16s.mi
皇室战争,战争策略,http://app.mi.com/details?id=com.supercell.clashroyale.mi
最高警戒,战争策略,http://app.mi.com/details?id=com.sesame.zgjjgame2.mi
大航海之路,战争策略,http://app.mi.com/details?id=com.netease.dhhzl.mi
部落冲突,战争策略,http://app.mi.com/details?id=com.supercell.clashofclans.mi
巅峰战舰,动作枪战,http://app.mi.com/details?id=com.yingxiong.dfzj.mi
坦克前线,战争策略,http://app.mi.com/details?id=yaqy.hjtk1001.mi
我的使命-2周年,战争策略,http://app.mi.com/details?id=com.wdsm.mi
正统三国,战争策略,http://app.mi.com/details?id=com.jedigames.p16.mi
剑与家园,战争策略,http://app.mi.com/details?id=com.lilithgame.sgame.mi
坦克风云,战争策略,http://app.mi.com/details?id=com.rayjoy.bigtank.mi
横扫千军,战争策略,http://app.mi.com/details?id=com.hsqj.mi
王者纷争,战争策略,http://app.mi.com/details?id=com.youai.hmbird.dqdg.mi
三国群英传-霸王之业,战争策略,http://app.mi.com/details?id=com.tencent.tmgp.sgqyz
英雄文明,战争策略,http://app.mi.com/details?id=com.ijunhai.yxwm.mi
阿瓦隆之王,战争策略,http://app.mi.com/details?id=com.funplus.awlzw.mi
血染征袍-三国新神将,战争策略,http://app.mi.com/details?id=com.congyu.xrzp.mi
胡莱三国2,战争策略,http://app.mi.com/details?id=com.hoolai.hlsg2.mi
超级舰队,战争策略,http://app.mi.com/details?id=com.SuperOfFleet.mi
战火与秩序,战争策略,http://app.mi.com/details?id=com.tq.warandorder.mi
风云天下-三国霸主,战争策略,http://app.mi.com/details?id=com.youai.fytxcr.mi
粉彩女孩,休闲创意,http://app.mi.com/details?id=com.seyeonsoft.pastel.elm
熊出没之极限弹射,塔防迷宫,http://app.mi.com/details?id=com.XCMTS.BearLimitejection.mi
画个火柴人2,休闲创意,http://app.mi.com/details?id=com.hitcents.drawastickmanepic2free.fhp
汤姆猫跑酷,跑酷闯关,http://app.mi.com/details?id=com.outfit7.talkingtomgoldrun.mi
会说话的安吉拉,休闲创意,http://app.mi.com/details?id=com.outfit7.talkingangelafree
涂色大师,休闲创意,http://app.mi.com/details?id=com.zongyi.colorelax.mi
宝宝爱连线,休闲创意,http://app.mi.com/details?id=com.jd.game.babyline.mi
我的心动小狗,儿童益智,http://app.mi.com/details?id=com.libii.puppystory.mi
我的熊大熊二-学画画,模拟经营,http://app.mi.com/details?id=com.soulgame.bear.mi
水果忍者,休闲创意,http://app.mi.com/details?id=com.halfbrick.fruitninja.gld
鳄鱼小顽皮爱洗澡,儿童益智,http://app.mi.com/details?id=com.eyuxizao.fifa
熊出没-贺岁版,儿童益智,http://app.mi.com/details?id=com.xcmhsb.mi
我的安吉拉,儿童益智,http://app.mi.com/details?id=com.outfit7.mytalkingangelafree
熊出没飞机大作战,飞行空战,http://app.mi.com/details?id=com.BoonieBears.pxie
我的汤姆猫,儿童益智,http://app.mi.com/details?id=com.outfit7.mytalkingtomfree
我的哈士奇,儿童益智,http://app.mi.com/details?id=com.hashiqi.nb
精灵盛典-限时送独角兽,网游RPG,http://app.mi.com/details?id=com.sy.jlsd.mi
明日之后,网游RPG,http://app.mi.com/details?id=com.netease.mrzh.mi
拉结尔,网游RPG,http://app.mi.com/details?id=com.tencent.raziel
神雕侠侣2,网游RPG,http://app.mi.com/details?id=com.pwrd.hhz.mi
龙皇传说,网游RPG,http://app.mi.com/details?id=com.tldqk.hardtime.mi
龙武-七年端游重现,网游RPG,http://app.mi.com/details?id=com.q1.LWSY.android.mi
闪烁之光,网游RPG,http://app.mi.com/details?id=com.shiyue.sszg.mi
倩女幽魂,网游RPG,http://app.mi.com/details?id=com.netease.l10.mi
一拳超人：最强之男,网游RPG,http://app.mi.com/details?id=com.playcrab.kos.mi
辐射：避难所Online,模拟经营,http://app.mi.com/details?id=com.shandagames.shelter.mi
玄元剑仙,休闲创意,http://app.mi.com/details?id=com.xyjx.hardtime.mi
极品芝麻官,网游RPG,http://app.mi.com/details?id=com.anzhuojpzmg.ckhd.mi
崩坏3&mdash;天使重构,动作枪战,http://app.mi.com/details?id=com.miHoYo.bh3.mi
一刀传世-免费送VIP,网游RPG,http://app.mi.com/details?id=com.sy.ydcs.mi
航海王：燃烧意志,网游RPG,http://app.mi.com/details?id=com.pkwan.op.mi
火影忍者：忍者新世代,网游RPG,http://app.mi.com/details?id=com.tencent.hyrzol
明日之后,网游RPG,http://app.mi.com/details?id=com.netease.mrzh.mi
银河战舰,战争策略,http://app.mi.com/details?id=com.jedigames.p16s.mi
太古神王-爽快修仙,网游RPG,http://app.mi.com/details?id=com.bingougame.tgsw.mi
航海王：燃烧意志,网游RPG,http://app.mi.com/details?id=com.pkwan.op.mi
风色世界,网游RPG,http://app.mi.com/details?id=com.fssj.mi
小镇物语,模拟经营,http://app.mi.com/details?id=com.diandian.townkins.mi
神都夜行录,网游RPG,http://app.mi.com/details?id=com.netease.h48.mi
王者之光,网游RPG,http://app.mi.com/details?id=com.feimiao.ky.wzzg.mi
境界-死神激斗,格斗快打,http://app.mi.com/details?id=com.ssjd.mi
流星群侠传,网游RPG,http://app.mi.com/details?id=com.netease.lx12.mi
梦幻模拟战,网游RPG,http://app.mi.com/details?id=com.zlongame.mhmnz.mi
梦幻西游-宠装来袭,网游RPG,http://app.mi.com/details?id=com.netease.my.mi
荣耀战国,战争策略,http://app.mi.com/details?id=com.luomo.rongyaozg.mi
开心消消乐-太空计划,休闲创意,http://app.mi.com/details?id=com.happyelements.AndroidAnimal
滚动的天空,跑酷闯关,http://app.mi.com/details?id=com.turbochilli.rollingsky_cn.mi
星辰捕鱼,休闲创意,http://app.mi.com/details?id=com.jhgame.by.mi
钢琴块2,休闲创意,http://app.mi.com/details?id=com.cmplay.tiles2_cn.mi
梦幻家园,休闲创意,http://app.mi.com/details?id=com.ledou.mhjy.mi
开心跳纸盒,休闲创意,http://app.mi.com/details?id=com.wifi.jumpnew.mi
疯狂动物城：筑梦日记,休闲创意,http://app.mi.com/details?id=com.tencent.tmgp.mituan
集结号捕鱼,休闲创意,http://app.mi.com/details?id=com.jjhgame.fish.mi
我的世界-村庄保卫战,休闲创意,http://app.mi.com/details?id=com.netease.mc.mi
跳舞的线,休闲创意,http://app.mi.com/details?id=com.cmplay.dancingline.mi
永不言弃3：世界,休闲创意,http://app.mi.com/details?id=com.gamestone.giveitup3.mi
画个火柴人2,休闲创意,http://app.mi.com/details?id=com.hitcents.drawastickmanepic2free.fhp
宾果消消消&reg;,休闲创意,http://app.mi.com/details?id=com.mfp.jelly.xiaomi
纪念碑谷2,休闲创意,http://app.mi.com/details?id=com.tencent.tmgp.jnbg2
梦幻花园,休闲创意,http://app.mi.com/details?id=com.ledou.mhhy.mi
蓝界,休闲创意,http://app.mi.com/details?id=com.ketchapp.blueedge.fhp
滚动的天空,跑酷闯关,http://app.mi.com/details?id=com.turbochilli.rollingsky_cn.mi
采油小怪2,休闲创意,http://app.mi.com/details?id=com.playflame.oilhunt2.elm
逃生通道,休闲创意,http://app.mi.com/details?id=com.studiorouleau.forceescape.fhp
贪吃蛇大作战&reg;,休闲创意,http://app.mi.com/details?id=com.wepie.snake.new.mi
小玛丽捕鱼,休闲创意,http://app.mi.com/details?id=com.leqi.buyu.mi
开心消消乐-太空计划,休闲创意,http://app.mi.com/details?id=com.happyelements.AndroidAnimal
熊出没之丛林王者,飞行空战,http://app.mi.com/details?id=com.XXX.XCMZCLWZ.eagme.mi
熊出没飞机大作战,飞行空战,http://app.mi.com/details?id=com.BoonieBears.pxie
现代空战3D：战队版,飞行空战,http://app.mi.com/details?id=com.volvapps.ef3.x.mi
猪猪侠之勇闯太空,飞行空战,http://app.mi.com/details?id=com.Lxd.Spacepigman.mi
雷电2016(雷霆版),飞行空战,http://app.mi.com/details?id=com.sg.raidenxm
猪猪侠之五灵酷跑,跑酷闯关,http://app.mi.com/details?id=com.shhxz.zhuzhuxiawulinkupao.mi
奔跑吧！猪猪侠,跑酷闯关,http://app.mi.com/details?id=com.HCYT.RunbarGGBond.egame.mi
超级飞侠3之天天跑酷,跑酷闯关,http://app.mi.com/details?id=com.sg.cjfx3.mi
超级飞侠大冒险,跑酷闯关,http://app.mi.com/details?id=com.sg.cjfxdmx.mi
地铁跑酷,跑酷闯关,http://app.mi.com/details?id=com.kiloo.subwaysurf
熊出没奇幻空间,跑酷闯关,http://app.mi.com/details?id=com.Lxd.Bearsfantasyspace.mi
赛尔号之勇者无敌,格斗快打,http://app.mi.com/details?id=com.hgqn.braveofinvincibleseer.mi
熊出没之疯狂弹射,休闲创意,http://app.mi.com/details?id=com.bjlc.xcmfkds.wali
永不言弃3：世界,休闲创意,http://app.mi.com/details?id=com.gamestone.giveitup3.mi
超级飞侠之荒野大冒险,休闲创意,http://app.mi.com/details?id=com.Lxd.DargonWarriorRace.mi
熊出没之熊大快跑2018,跑酷闯关,http://app.mi.com/details?id=com.joym.xiongdakuaipao2018.mi
酷跑奥特曼2,跑酷闯关,http://app.mi.com/details?id=com.huale.ultraman2.mi
我的加菲猫,跑酷闯关,http://app.mi.com/details?id=com.idreamsky.mygarfield.mi
封神之战-英雄无敌,塔防迷宫,http://app.mi.com/details?id=com.zhangzhu.warhero.mi
植物大战僵尸2,塔防迷宫,http://app.mi.com/details?id=com.popcap.pvz2cthdxm
熊出没之极限弹射,塔防迷宫,http://app.mi.com/details?id=com.XCMTS.BearLimitejection.mi
植物大战僵尸,塔防迷宫,http://app.mi.com/details?id=com.pvz.nb
三国塔防传奇,塔防迷宫,http://app.mi.com/details?id=com.llread.define.mi
植物大战僵尸高清版,塔防迷宫,http://app.mi.com/details?id=com.pvzHD.uuzw
斗龙战士3-天降小怪兽,塔防迷宫,http://app.mi.com/details?id=com.sg.dlzs.mi
保卫萝卜2,塔防迷宫,http://app.mi.com/details?id=com.carrot.iceworld
植物大战僵尸2,塔防迷宫,http://app.mi.com/details?id=com.popcap.pvz2xm
保卫萝卜3,塔防迷宫,http://app.mi.com/details?id=com.feiyu.carrot3.mi
猫里奥大冒险,塔防迷宫,http://app.mi.com/details?id=com.gorkaramirez.syobonactionhalloween.mg
植物大战僵尸全明星,塔防迷宫,http://app.mi.com/details?id=com.njyy.pvzqmx.mi
火柴人僵尸战争,塔防迷宫,http://app.mi.com/details?id=com.nbify.stickman.zombie.war.pt
异能少年在都市,网游RPG,http://app.mi.com/details?id=com.zengame.ynsnzds.mi
恋与制作人,模拟经营,http://app.mi.com/details?id=com.papegames.evol.mi
创造与魔法,网游RPG,http://app.mi.com/details?id=com.hero.sm.mi
票房大卖王,模拟经营,http://app.mi.com/details?id=com.boxoff.king.mi
模拟城市：我是市长,模拟经营,http://app.mi.com/details?id=com.ea.simcitymobile.mi
边境之旅,休闲创意,http://app.mi.com/details?id=com.netease.ma71.mi
地下城堡2,模拟经营,http://app.mi.com/details?id=com.taojin.dungeon2.mi
美美小店,模拟经营,http://app.mi.com/details?id=com.forgame.meimei.mi
我的世界-村庄保卫战,休闲创意,http://app.mi.com/details?id=com.netease.mc.mi
迷你世界,休闲创意,http://app.mi.com/details?id=com.minitech.miniworld.TMobile.mi
大富豪3,模拟经营,http://app.mi.com/details?id=com.yaowan.dfh3.mi
木筏求生：绝地生存,模拟经营,http://app.mi.com/details?id=com.raftsurvival.raft.xc
叫我万岁爷,模拟经营,http://app.mi.com/details?id=com.wsy.wansuiye.mi
动画城市,休闲创意,http://app.mi.com/details?id=com.foranj.cartooncity.mi
不思议迷宫,休闲创意,http://app.mi.com/details?id=com.leiting.gumballs.mi
游戏大亨-模拟CEO,模拟经营,http://app.mi.com/details?id=com.zhangzu.yxdh.mi
猎场-老板来了,模拟经营,http://app.mi.com/details?id=com.yaowan.liechang.mi
我的熊大熊二-学画画,模拟经营,http://app.mi.com/details?id=com.soulgame.bear.mi
熊出没之熊大农场,模拟经营,http://app.mi.com/details?id=com.joym.bearfarm.wali
梦想城镇,模拟经营,http://app.mi.com/details?id=com.playrix.township.chukong.mi
主题医院,模拟经营,http://app.mi.com/details?id=com.sus.ztyy.mi
